{"cameraMode":{"drawMode":0,"name":"Shaded","section":"Shading Mode"},"sceneLighting":true,"audioPlay":false,"sceneViewState":{"showFog":true,"showMaterialUpdate":false,"showSkybox":true,"showFlares":true,"showImageEffects":true,"showParticleSystems":true},"in2DMode":false,"pivot":{"x":14.838296890258789,"y":3.0867629051208498,"z":-3.9908523559570314},"rotation":{"x":0.1315745711326599,"y":-0.8093245029449463,"z":0.19834978878498078,"w":0.5371205806732178},"size":9.094674110412598,"orthographic":false}