{"cameraMode":{"drawMode":0,"name":"Shaded","section":"Shading Mode"},"sceneLighting":false,"audioPlay":false,"sceneViewState":{"showFog":true,"showMaterialUpdate":false,"showSkybox":true,"showFlares":true,"showImageEffects":true,"showParticleSystems":true},"in2DMode":false,"pivot":{"x":-0.05731210857629776,"y":0.7801156640052795,"z":-0.3870408535003662},"rotation":{"x":-0.003938365262001753,"y":0.9958211779594421,"z":-0.05263817310333252,"w":-0.07452517002820969},"size":1.307835578918457,"orthographic":false}